bigram,score
bbc earth,4.137368203698543
nature beautiful,3.0
survival wild,2.0
wildlife video,2.0
beautiful animal,1.7071067811865475
dont know,1.7071067811865475
keep moving,1.611371595247241
even zebra,1.4142135623730951
truly inspiring,1.3839456788125997
