bigram,score
left lion,3.0
make migration,3.0
music music,3.0
new grass,2.6525714747307996
made nipan,2.3548666272720196
exact location,2.1213203435596424
home exact,2.1213203435596424
start arrive,2.1213203435596424
zebra start,2.1213203435596424
foe look,2.0
