,zebra,beautiful,nature,migration,journey
zebra,1.0,0.14744195615489716,0.6698938453032357,0.7985494095046906,0.8963881445476725
beautiful,0.14744195615489716,1.0,0.5345224838248488,0.49236596391733095,0.196116135138184
nature,0.6698938453032357,0.5345224838248488,1.0,0.7566444492037344,0.3668996928526714
migration,0.7985494095046906,0.49236596391733095,0.7566444492037344,1.0,0.700066596898638
journey,0.8963881445476725,0.196116135138184,0.3668996928526714,0.700066596898638,1.0
