term,score
music,3.2392729434867817
foe,3.2263648910160203
zebra,2.8633063482577983
sock,2.820815802250243
arrive,2.6878512340174114
grass,2.4217605064808057
shes,2.4009753313950735
like,2.3885605566611403
family,2.310718219085016
group,1.9948194666481194
made,1.8705844637584401
new,1.830698562066797
start,1.8082493227345853
exact,1.7320508075688772
home,1.7320508075688772
