term,score
zebra,5.144572721009817
beautiful,3.6350912536680395
video,3.5867837702032617
nature,3.3013509557711034
bbc,2.6604527512176523
earth,2.499175011588357
look,2.0
love,1.9369106114582424
lion,1.8944587544404206
channel,1.865405664537443
animal,1.8455521922168558
dont,1.7816756218151868
know,1.6768933644552733
journey,1.6715683832860355
way,1.6613449653210106
